"count","level_text","province_code"
167,"Applied computing",11
17,"Applied computing+Arts and humanities",11
10,"Applied computing+Computer forensics",11
22,"Applied computing+Computers in other domains",11
10,"Applied computing+Document management and text processing",11
32,"Applied computing+Education",11
19,"Applied computing+Electronic commerce",11
21,"Applied computing+Enterprise computing",11
42,"Applied computing+Law, social and behavioral sciences",11
92,"Applied computing+Life and medical sciences",11
65,"Applied computing+Operations research",11
47,"Applied computing+Physical sciences and engineering",11
122,"Computer systems organization",11
171,"Computer systems organization+Architectures",11
54,"Computer systems organization+Dependable and fault-tolerant systems and networks",11
84,"Computer systems organization+Embedded and cyber-physical systems",11
18,"Computer systems organization+Real-time systems",11
572,"Computing methodologies",11
765,"Computing methodologies+Artificial intelligence",11
177,"Computing methodologies+Computer graphics",11
11,"Computing methodologies+Distributed computing methodologies",11
844,"Computing methodologies+Machine learning",11
141,"Computing methodologies+Modeling and simulation",11
38,"Computing methodologies+Parallel computing methodologies",11
34,"Computing methodologies+Symbolic and algebraic manipulation",11
66,"General and reference",11
107,"General and reference+Cross-computing tools and techniques",11
30,"General and reference+Document types",11
105,"Hardware",11
50,"Hardware+Communication hardware, interfaces and storage",11
16,"Hardware+Electronic design automation",11
32,"Hardware+Emerging technologies",11
3,"Hardware+Hardware test",11
7,"Hardware+Hardware validation",11
25,"Hardware+Integrated circuits",11
129,"Hardware+Power and energy",11
14,"Hardware+Robustness",11
5,"Hardware+Very large scale integration design",11
174,"Human-centered computing",11
9,"Human-centered computing+Accessibility",11
38,"Human-centered computing+Collaborative and social computing",11
172,"Human-centered computing+Human computer interaction (HCI)",11
41,"Human-centered computing+Interaction design",11
108,"Human-centered computing+Ubiquitous and mobile computing",11
34,"Human-centered computing+Visualization",11
429,"Information systems",11
165,"Information systems+Data management systems",11
534,"Information systems+Information retrieval",11
19,"Information systems+Information storage systems",11
490,"Information systems+Information systems applications",11
261,"Information systems+World Wide Web",11
55,"Mathematics of computing",11
52,"Mathematics of computing+Discrete mathematics",11
6,"Mathematics of computing+Information theory",11
33,"Mathematics of computing+Mathematical analysis",11
13,"Mathematics of computing+Mathematical software",11
62,"Mathematics of computing+Probability and statistics",11
160,"Networks",11
58,"Networks+Network algorithms",11
26,"Networks+Network architectures",11
21,"Networks+Network components",11
60,"Networks+Network performance evaluation",11
60,"Networks+Network properties",11
23,"Networks+Network protocols",11
61,"Networks+Network services",11
95,"Networks+Network types",11
113,"Security and privacy",11
27,"Security and privacy+Cryptography",11
11,"Security and privacy+Database and storage security",11
5,"Security and privacy+Formal methods and theory of security",11
31,"Security and privacy+Human and societal aspects of security and privacy",11
23,"Security and privacy+Intrusion/anomaly detection and malware mitigation",11
20,"Security and privacy+Network security",11
17,"Security and privacy+Security in hardware",11
57,"Security and privacy+Security services",11
37,"Security and privacy+Software and application security",11
52,"Security and privacy+Systems security",11
57,"Social and professional topics",11
36,"Social and professional topics+Computing / technology policy",11
113,"Social and professional topics+Professional topics",11
16,"Social and professional topics+User characteristics",11
124,"Software and its engineering",11
249,"Software and its engineering+Software creation and management",11
41,"Software and its engineering+Software notations and tools",11
184,"Software and its engineering+Software organization and properties",11
129,"Theory of computation",11
2,"Theory of computation+Computational complexity and cryptography",11
120,"Theory of computation+Design and analysis of algorithms",11
2,"Theory of computation+Formal languages and automata theory",11
12,"Theory of computation+Logic",11
16,"Theory of computation+Models of computation",11
12,"Theory of computation+Randomness, geometry and discrete structures",11
3,"Theory of computation+Semantics and reasoning",11
203,"Theory of computation+Theory and algorithms for application domains",11
15,"Applied computing",12
2,"Applied computing+Arts and humanities",12
2,"Applied computing+Education",12
1,"Applied computing+Enterprise computing",12
4,"Applied computing+Law, social and behavioral sciences",12
17,"Applied computing+Life and medical sciences",12
2,"Applied computing+Operations research",12
2,"Applied computing+Physical sciences and engineering",12
6,"Computer systems organization",12
9,"Computer systems organization+Architectures",12
11,"Computer systems organization+Embedded and cyber-physical systems",12
4,"Computer systems organization+Real-time systems",12
61,"Computing methodologies",12
74,"Computing methodologies+Artificial intelligence",12
29,"Computing methodologies+Computer graphics",12
4,"Computing methodologies+Concurrent computing methodologies",12
100,"Computing methodologies+Machine learning",12
12,"Computing methodologies+Modeling and simulation",12
5,"Computing methodologies+Parallel computing methodologies",12
6,"General and reference",12
6,"General and reference+Cross-computing tools and techniques",12
6,"General and reference+Document types",12
10,"Hardware",12
9,"Hardware+Communication hardware, interfaces and storage",12
6,"Hardware+Emerging technologies",12
3,"Hardware+Integrated circuits",12
14,"Hardware+Power and energy",12
6,"Hardware+Very large scale integration design",12
6,"Human-centered computing",12
2,"Human-centered computing+Accessibility",12
3,"Human-centered computing+Collaborative and social computing",12
9,"Human-centered computing+Human computer interaction (HCI)",12
1,"Human-centered computing+Visualization",12
23,"Information systems",12
11,"Information systems+Data management systems",12
33,"Information systems+Information retrieval",12
19,"Information systems+Information systems applications",12
8,"Information systems+World Wide Web",12
3,"Mathematics of computing",12
3,"Mathematics of computing+Discrete mathematics",12
2,"Mathematics of computing+Mathematical analysis",12
2,"Mathematics of computing+Probability and statistics",12
4,"Networks",12
8,"Networks+Network performance evaluation",12
5,"Security and privacy",12
1,"Security and privacy+Cryptography",12
2,"Security and privacy+Human and societal aspects of security and privacy",12
2,"Security and privacy+Intrusion/anomaly detection and malware mitigation",12
2,"Security and privacy+Software and application security",12
2,"Security and privacy+Systems security",12
5,"Social and professional topics",12
3,"Social and professional topics+Computing / technology policy",12
9,"Social and professional topics+Professional topics",12
3,"Social and professional topics+User characteristics",12
5,"Software and its engineering",12
13,"Software and its engineering+Software creation and management",12
16,"Software and its engineering+Software notations and tools",12
11,"Software and its engineering+Software organization and properties",12
10,"Theory of computation",12
1,"Theory of computation+Computational complexity and cryptography",12
11,"Theory of computation+Design and analysis of algorithms",12
1,"Theory of computation+Formal languages and automata theory",12
23,"Theory of computation+Theory and algorithms for application domains",12
4,"Applied computing",13
4,"Applied computing+Enterprise computing",13
2,"Applied computing+Life and medical sciences",13
7,"Applied computing+Physical sciences and engineering",13
1,"Computer systems organization",13
1,"Computer systems organization+Dependable and fault-tolerant systems and networks",13
6,"Computing methodologies",13
11,"Computing methodologies+Artificial intelligence",13
3,"Computing methodologies+Computer graphics",13
4,"Computing methodologies+Machine learning",13
3,"Computing methodologies+Modeling and simulation",13
2,"General and reference",13
4,"General and reference+Cross-computing tools and techniques",13
1,"Hardware",13
3,"Hardware+Power and energy",13
1,"Human-centered computing",13
3,"Human-centered computing+Human computer interaction (HCI)",13
6,"Information systems",13
5,"Information systems+Data management systems",13
7,"Information systems+Information systems applications",13
2,"Mathematics of computing",13
3,"Mathematics of computing+Mathematical analysis",13
2,"Mathematics of computing+Probability and statistics",13
4,"Networks",13
3,"Networks+Network algorithms",13
1,"Networks+Network performance evaluation",13
3,"Networks+Network services",13
3,"Networks+Network types",13
2,"Security and privacy",13
2,"Security and privacy+Network security",13
1,"Security and privacy+Software and application security",13
2,"Social and professional topics",13
4,"Social and professional topics+Professional topics",13
2,"Social and professional topics+User characteristics",13
4,"Software and its engineering",13
8,"Software and its engineering+Software creation and management",13
4,"Software and its engineering+Software notations and tools",13
3,"Software and its engineering+Software organization and properties",13
3,"Theory of computation",13
3,"Theory of computation+Design and analysis of algorithms",13
6,"Theory of computation+Theory and algorithms for application domains",13
3,"Computer systems organization",14
2,"Computer systems organization+Dependable and fault-tolerant systems and networks",14
6,"Computer systems organization+Embedded and cyber-physical systems",14
1,"Computer systems organization+Real-time systems",14
1,"Computing methodologies",14
4,"Computing methodologies+Artificial intelligence",14
1,"General and reference",14
2,"General and reference+Cross-computing tools and techniques",14
2,"Hardware",14
6,"Hardware+Power and energy",14
1,"Human-centered computing",14
2,"Human-centered computing+Visualization",14
2,"Information systems",14
5,"Information systems+Information systems applications",14
2,"Networks",14
2,"Networks+Network algorithms",14
3,"Networks+Network components",14
1,"Security and privacy",14
2,"Security and privacy+Formal methods and theory of security",14
2,"Software and its engineering",14
4,"Software and its engineering+Software creation and management",14
3,"Software and its engineering+Software organization and properties",14
2,"Theory of computation",14
3,"Theory of computation+Design and analysis of algorithms",14
3,"Theory of computation+Theory and algorithms for application domains",14
1,"Applied computing",15
3,"Applied computing+Enterprise computing",15
2,"Hardware",15
4,"Hardware+Communication hardware, interfaces and storage",15
3,"Information systems",15
3,"Information systems+Data management systems",15
2,"Information systems+Information retrieval",15
3,"Information systems+Information systems applications",15
1,"Networks",15
2,"Networks+Network services",15
2,"Software and its engineering",15
4,"Software and its engineering+Software creation and management",15
4,"Software and its engineering+Software organization and properties",15
1,"Theory of computation",15
3,"Theory of computation+Theory and algorithms for application domains",15
14,"Applied computing",21
2,"Applied computing+Arts and humanities",21
2,"Applied computing+Computer forensics",21
6,"Applied computing+Computers in other domains",21
4,"Applied computing+Enterprise computing",21
14,"Applied computing+Life and medical sciences",21
4,"Applied computing+Operations research",21
3,"Applied computing+Physical sciences and engineering",21
7,"Computer systems organization",21
11,"Computer systems organization+Architectures",21
4,"Computer systems organization+Embedded and cyber-physical systems",21
45,"Computing methodologies",21
47,"Computing methodologies+Artificial intelligence",21
22,"Computing methodologies+Computer graphics",21
3,"Computing methodologies+Distributed computing methodologies",21
58,"Computing methodologies+Machine learning",21
15,"Computing methodologies+Modeling and simulation",21
2,"General and reference",21
4,"General and reference+Cross-computing tools and techniques",21
4,"Hardware",21
2,"Hardware+Communication hardware, interfaces and storage",21
2,"Hardware+Hardware test",21
6,"Hardware+Power and energy",21
7,"Human-centered computing",21
8,"Human-centered computing+Human computer interaction (HCI)",21
1,"Human-centered computing+Interaction design",21
17,"Information systems",21
13,"Information systems+Data management systems",21
5,"Information systems+Information retrieval",21
13,"Information systems+Information systems applications",21
6,"Information systems+World Wide Web",21
7,"Mathematics of computing",21
2,"Mathematics of computing+Continuous mathematics",21
3,"Mathematics of computing+Discrete mathematics",21
4,"Mathematics of computing+Mathematical analysis",21
7,"Mathematics of computing+Probability and statistics",21
17,"Networks",21
5,"Networks+Network algorithms",21
3,"Networks+Network architectures",21
2,"Networks+Network performance evaluation",21
10,"Networks+Network properties",21
5,"Networks+Network protocols",21
9,"Networks+Network services",21
15,"Networks+Network types",21
3,"Security and privacy",21
3,"Security and privacy+Cryptography",21
2,"Security and privacy+Software and application security",21
2,"Security and privacy+Systems security",21
1,"Social and professional topics",21
4,"Social and professional topics+Professional topics",21
8,"Software and its engineering",21
15,"Software and its engineering+Software creation and management",21
2,"Software and its engineering+Software notations and tools",21
8,"Software and its engineering+Software organization and properties",21
5,"Theory of computation",21
8,"Theory of computation+Design and analysis of algorithms",21
2,"Theory of computation+Models of computation",21
2,"Theory of computation+Randomness, geometry and discrete structures",21
10,"Applied computing",22
2,"Applied computing+Education",22
17,"Applied computing+Life and medical sciences",22
6,"Applied computing+Operations research",22
6,"Applied computing+Physical sciences and engineering",22
1,"Computer systems organization",22
3,"Computer systems organization+Architectures",22
21,"Computing methodologies",22
26,"Computing methodologies+Artificial intelligence",22
9,"Computing methodologies+Computer graphics",22
44,"Computing methodologies+Machine learning",22
3,"Computing methodologies+Symbolic and algebraic manipulation",22
1,"General and reference",22
2,"General and reference+Cross-computing tools and techniques",22
2,"Hardware",22
3,"Hardware+Communication hardware, interfaces and storage",22
4,"Hardware+Robustness",22
5,"Human-centered computing",22
8,"Human-centered computing+Collaborative and social computing",22
7,"Human-centered computing+Human computer interaction (HCI)",22
3,"Human-centered computing+Visualization",22
11,"Information systems",22
17,"Information systems+Information retrieval",22
20,"Information systems+Information systems applications",22
7,"Information systems+World Wide Web",22
5,"Mathematics of computing",22
6,"Mathematics of computing+Discrete mathematics",22
4,"Mathematics of computing+Mathematical analysis",22
6,"Mathematics of computing+Probability and statistics",22
4,"Networks",22
2,"Networks+Network performance evaluation",22
5,"Networks+Network protocols",22
2,"Networks+Network services",22
3,"Networks+Network types",22
1,"Security and privacy",22
2,"Security and privacy+Network security",22
2,"Security and privacy+Software and application security",22
2,"Social and professional topics",22
6,"Social and professional topics+Professional topics",22
2,"Software and its engineering",22
7,"Software and its engineering+Software organization and properties",22
2,"Theory of computation",22
3,"Theory of computation+Design and analysis of algorithms",22
17,"Applied computing",23
6,"Applied computing+Arts and humanities",23
6,"Applied computing+Electronic commerce",23
4,"Applied computing+Enterprise computing",23
2,"Applied computing+Law, social and behavioral sciences",23
20,"Applied computing+Life and medical sciences",23
2,"Applied computing+Operations research",23
4,"Applied computing+Physical sciences and engineering",23
9,"Computer systems organization",23
17,"Computer systems organization+Architectures",23
4,"Computer systems organization+Dependable and fault-tolerant systems and networks",23
10,"Computer systems organization+Embedded and cyber-physical systems",23
2,"Computer systems organization+Real-time systems",23
43,"Computing methodologies",23
68,"Computing methodologies+Artificial intelligence",23
16,"Computing methodologies+Computer graphics",23
37,"Computing methodologies+Machine learning",23
10,"Computing methodologies+Modeling and simulation",23
3,"Computing methodologies+Parallel computing methodologies",23
3,"Computing methodologies+Symbolic and algebraic manipulation",23
2,"General and reference",23
4,"General and reference+Cross-computing tools and techniques",23
22,"Hardware",23
16,"Hardware+Communication hardware, interfaces and storage",23
1,"Hardware+Emerging technologies",23
1,"Hardware+Hardware validation",23
4,"Hardware+Integrated circuits",23
42,"Hardware+Power and energy",23
3,"Hardware+Very large scale integration design",23
6,"Human-centered computing",23
6,"Human-centered computing+Collaborative and social computing",23
6,"Human-centered computing+Interaction design",23
6,"Human-centered computing+Ubiquitous and mobile computing",23
25,"Information systems",23
26,"Information systems+Data management systems",23
12,"Information systems+Information retrieval",23
31,"Information systems+Information systems applications",23
13,"Information systems+World Wide Web",23
1,"Mathematics of computing",23
3,"Mathematics of computing+Mathematical analysis",23
12,"Networks",23
2,"Networks+Network algorithms",23
4,"Networks+Network architectures",23
6,"Networks+Network performance evaluation",23
4,"Networks+Network properties",23
2,"Networks+Network protocols",23
14,"Networks+Network types",23
8,"Security and privacy",23
2,"Security and privacy+Database and storage security",23
2,"Security and privacy+Security in hardware",23
11,"Security and privacy+Security services",23
3,"Security and privacy+Systems security",23
7,"Social and professional topics",23
1,"Social and professional topics+Computing / technology policy",23
17,"Social and professional topics+Professional topics",23
2,"Social and professional topics+User characteristics",23
11,"Software and its engineering",23
26,"Software and its engineering+Software creation and management",23
5,"Software and its engineering+Software notations and tools",23
4,"Software and its engineering+Software organization and properties",23
11,"Theory of computation",23
18,"Theory of computation+Design and analysis of algorithms",23
13,"Theory of computation+Models of computation",23
10,"Theory of computation+Theory and algorithms for application domains",23
77,"Applied computing",31
6,"Applied computing+Arts and humanities",31
2,"Applied computing+Computer forensics",31
14,"Applied computing+Computers in other domains",31
8,"Applied computing+Document management and text processing",31
16,"Applied computing+Education",31
6,"Applied computing+Electronic commerce",31
15,"Applied computing+Enterprise computing",31
16,"Applied computing+Law, social and behavioral sciences",31
85,"Applied computing+Life and medical sciences",31
19,"Applied computing+Operations research",31
11,"Applied computing+Physical sciences and engineering",31
38,"Computer systems organization",31
39,"Computer systems organization+Architectures",31
17,"Computer systems organization+Dependable and fault-tolerant systems and networks",31
40,"Computer systems organization+Embedded and cyber-physical systems",31
4,"Computer systems organization+Real-time systems",31
173,"Computing methodologies",31
294,"Computing methodologies+Artificial intelligence",31
33,"Computing methodologies+Computer graphics",31
2,"Computing methodologies+Distributed computing methodologies",31
226,"Computing methodologies+Machine learning",31
26,"Computing methodologies+Modeling and simulation",31
10,"Computing methodologies+Parallel computing methodologies",31
17,"Computing methodologies+Symbolic and algebraic manipulation",31
17,"General and reference",31
40,"General and reference+Cross-computing tools and techniques",31
35,"Hardware",31
14,"Hardware+Communication hardware, interfaces and storage",31
11,"Hardware+Electronic design automation",31
17,"Hardware+Emerging technologies",31
3,"Hardware+Hardware validation",31
18,"Hardware+Integrated circuits",31
26,"Hardware+Power and energy",31
2,"Hardware+Printed circuit boards",31
6,"Hardware+Robustness",31
9,"Hardware+Very large scale integration design",31
37,"Human-centered computing",31
1,"Human-centered computing+Accessibility",31
27,"Human-centered computing+Collaborative and social computing",31
21,"Human-centered computing+Human computer interaction (HCI)",31
6,"Human-centered computing+Interaction design",31
12,"Human-centered computing+Ubiquitous and mobile computing",31
12,"Human-centered computing+Visualization",31
107,"Information systems",31
51,"Information systems+Data management systems",31
98,"Information systems+Information retrieval",31
123,"Information systems+Information systems applications",31
59,"Information systems+World Wide Web",31
19,"Mathematics of computing",31
32,"Mathematics of computing+Discrete mathematics",31
1,"Mathematics of computing+Information theory",31
16,"Mathematics of computing+Mathematical analysis",31
14,"Mathematics of computing+Probability and statistics",31
28,"Networks",31
10,"Networks+Network algorithms",31
2,"Networks+Network architectures",31
3,"Networks+Network components",31
14,"Networks+Network performance evaluation",31
13,"Networks+Network properties",31
2,"Networks+Network protocols",31
13,"Networks+Network services",31
19,"Networks+Network types",31
25,"Security and privacy",31
4,"Security and privacy+Cryptography",31
2,"Security and privacy+Database and storage security",31
8,"Security and privacy+Human and societal aspects of security and privacy",31
6,"Security and privacy+Intrusion/anomaly detection and malware mitigation",31
14,"Security and privacy+Network security",31
4,"Security and privacy+Security services",31
12,"Security and privacy+Software and application security",31
23,"Security and privacy+Systems security",31
14,"Social and professional topics",31
7,"Social and professional topics+Computing / technology policy",31
31,"Social and professional topics+Professional topics",31
3,"Social and professional topics+User characteristics",31
35,"Software and its engineering",31
52,"Software and its engineering+Software creation and management",31
17,"Software and its engineering+Software notations and tools",31
56,"Software and its engineering+Software organization and properties",31
50,"Theory of computation",31
8,"Theory of computation+Computational complexity and cryptography",31
39,"Theory of computation+Design and analysis of algorithms",31
6,"Theory of computation+Logic",31
4,"Theory of computation+Models of computation",31
7,"Theory of computation+Randomness, geometry and discrete structures",31
3,"Theory of computation+Semantics and reasoning",31
60,"Theory of computation+Theory and algorithms for application domains",31
47,"Applied computing",32
8,"Applied computing+Arts and humanities",32
2,"Applied computing+Computer forensics",32
4,"Applied computing+Computers in other domains",32
15,"Applied computing+Education",32
17,"Applied computing+Enterprise computing",32
4,"Applied computing+Law, social and behavioral sciences",32
55,"Applied computing+Life and medical sciences",32
16,"Applied computing+Operations research",32
8,"Applied computing+Physical sciences and engineering",32
25,"Computer systems organization",32
16,"Computer systems organization+Architectures",32
20,"Computer systems organization+Dependable and fault-tolerant systems and networks",32
39,"Computer systems organization+Embedded and cyber-physical systems",32
2,"Computer systems organization+Real-time systems",32
165,"Computing methodologies",32
188,"Computing methodologies+Artificial intelligence",32
41,"Computing methodologies+Computer graphics",32
2,"Computing methodologies+Distributed computing methodologies",32
232,"Computing methodologies+Machine learning",32
46,"Computing methodologies+Modeling and simulation",32
4,"Computing methodologies+Parallel computing methodologies",32
12,"General and reference",32
19,"General and reference+Cross-computing tools and techniques",32
8,"General and reference+Document types",32
30,"Hardware",32
23,"Hardware+Communication hardware, interfaces and storage",32
7,"Hardware+Emerging technologies",32
2,"Hardware+Hardware test",32
9,"Hardware+Integrated circuits",32
33,"Hardware+Power and energy",32
4,"Hardware+Printed circuit boards",32
6,"Hardware+Robustness",32
2,"Hardware+Very large scale integration design",32
33,"Human-centered computing",32
10,"Human-centered computing+Collaborative and social computing",32
33,"Human-centered computing+Human computer interaction (HCI)",32
6,"Human-centered computing+Interaction design",32
26,"Human-centered computing+Ubiquitous and mobile computing",32
9,"Human-centered computing+Visualization",32
72,"Information systems",32
45,"Information systems+Data management systems",32
55,"Information systems+Information retrieval",32
7,"Information systems+Information storage systems",32
101,"Information systems+Information systems applications",32
23,"Information systems+World Wide Web",32
11,"Mathematics of computing",32
6,"Mathematics of computing+Discrete mathematics",32
2,"Mathematics of computing+Information theory",32
19,"Mathematics of computing+Mathematical analysis",32
7,"Mathematics of computing+Probability and statistics",32
59,"Networks",32
29,"Networks+Network algorithms",32
23,"Networks+Network performance evaluation",32
21,"Networks+Network properties",32
16,"Networks+Network protocols",32
20,"Networks+Network services",32
45,"Networks+Network types",32
34,"Security and privacy",32
9,"Security and privacy+Cryptography",32
10,"Security and privacy+Human and societal aspects of security and privacy",32
8,"Security and privacy+Intrusion/anomaly detection and malware mitigation",32
13,"Security and privacy+Network security",32
11,"Security and privacy+Security services",32
16,"Security and privacy+Software and application security",32
12,"Security and privacy+Systems security",32
19,"Social and professional topics",32
3,"Social and professional topics+Computing / technology policy",32
48,"Social and professional topics+Professional topics",32
3,"Social and professional topics+User characteristics",32
34,"Software and its engineering",32
79,"Software and its engineering+Software creation and management",32
15,"Software and its engineering+Software notations and tools",32
58,"Software and its engineering+Software organization and properties",32
41,"Theory of computation",32
3,"Theory of computation+Computational complexity and cryptography",32
42,"Theory of computation+Design and analysis of algorithms",32
4,"Theory of computation+Formal languages and automata theory",32
3,"Theory of computation+Logic",32
12,"Theory of computation+Models of computation",32
2,"Theory of computation+Randomness, geometry and discrete structures",32
3,"Theory of computation+Semantics and reasoning",32
34,"Theory of computation+Theory and algorithms for application domains",32
20,"Applied computing",33
4,"Applied computing+Arts and humanities",33
2,"Applied computing+Computer forensics",33
6,"Applied computing+Computers in other domains",33
5,"Applied computing+Education",33
5,"Applied computing+Electronic commerce",33
4,"Applied computing+Law, social and behavioral sciences",33
5,"Applied computing+Life and medical sciences",33
12,"Applied computing+Operations research",33
2,"Applied computing+Physical sciences and engineering",33
22,"Computer systems organization",33
19,"Computer systems organization+Architectures",33
13,"Computer systems organization+Dependable and fault-tolerant systems and networks",33
20,"Computer systems organization+Embedded and cyber-physical systems",33
6,"Computer systems organization+Real-time systems",33
107,"Computing methodologies",33
113,"Computing methodologies+Artificial intelligence",33
57,"Computing methodologies+Computer graphics",33
187,"Computing methodologies+Machine learning",33
19,"Computing methodologies+Modeling and simulation",33
3,"Computing methodologies+Symbolic and algebraic manipulation",33
12,"General and reference",33
24,"General and reference+Cross-computing tools and techniques",33
19,"Hardware",33
8,"Hardware+Communication hardware, interfaces and storage",33
10,"Hardware+Electronic design automation",33
13,"Hardware+Emerging technologies",33
1,"Hardware+Hardware validation",33
17,"Hardware+Integrated circuits",33
9,"Hardware+Power and energy",33
6,"Hardware+Robustness",33
3,"Hardware+Very large scale integration design",33
42,"Human-centered computing",33
8,"Human-centered computing+Accessibility",33
12,"Human-centered computing+Collaborative and social computing",33
30,"Human-centered computing+Human computer interaction (HCI)",33
4,"Human-centered computing+Interaction design",33
22,"Human-centered computing+Ubiquitous and mobile computing",33
11,"Human-centered computing+Visualization",33
73,"Information systems",33
49,"Information systems+Data management systems",33
92,"Information systems+Information retrieval",33
62,"Information systems+Information systems applications",33
89,"Information systems+World Wide Web",33
9,"Mathematics of computing",33
15,"Mathematics of computing+Discrete mathematics",33
3,"Mathematics of computing+Mathematical analysis",33
10,"Mathematics of computing+Probability and statistics",33
28,"Networks",33
3,"Networks+Network algorithms",33
7,"Networks+Network components",33
15,"Networks+Network performance evaluation",33
12,"Networks+Network properties",33
7,"Networks+Network protocols",33
13,"Networks+Network services",33
13,"Networks+Network types",33
17,"Security and privacy",33
3,"Security and privacy+Cryptography",33
2,"Security and privacy+Database and storage security",33
6,"Security and privacy+Human and societal aspects of security and privacy",33
4,"Security and privacy+Intrusion/anomaly detection and malware mitigation",33
4,"Security and privacy+Network security",33
2,"Security and privacy+Security in hardware",33
6,"Security and privacy+Security services",33
4,"Security and privacy+Software and application security",33
4,"Security and privacy+Systems security",33
10,"Social and professional topics",33
9,"Social and professional topics+Computing / technology policy",33
21,"Social and professional topics+Professional topics",33
25,"Software and its engineering",33
46,"Software and its engineering+Software creation and management",33
18,"Software and its engineering+Software notations and tools",33
23,"Software and its engineering+Software organization and properties",33
24,"Theory of computation",33
1,"Theory of computation+Computational complexity and cryptography",33
20,"Theory of computation+Design and analysis of algorithms",33
3,"Theory of computation+Models of computation",33
43,"Theory of computation+Theory and algorithms for application domains",33
16,"Applied computing",34
4,"Applied computing+Arts and humanities",34
2,"Applied computing+Computer forensics",34
11,"Applied computing+Education",34
2,"Applied computing+Law, social and behavioral sciences",34
8,"Applied computing+Life and medical sciences",34
4,"Applied computing+Operations research",34
2,"Applied computing+Physical sciences and engineering",34
16,"Computer systems organization",34
5,"Computer systems organization+Architectures",34
5,"Computer systems organization+Dependable and fault-tolerant systems and networks",34
33,"Computer systems organization+Embedded and cyber-physical systems",34
2,"Computer systems organization+Real-time systems",34
92,"Computing methodologies",34
143,"Computing methodologies+Artificial intelligence",34
33,"Computing methodologies+Computer graphics",34
127,"Computing methodologies+Machine learning",34
5,"Computing methodologies+Modeling and simulation",34
3,"Computing methodologies+Parallel computing methodologies",34
11,"General and reference",34
20,"General and reference+Cross-computing tools and techniques",34
2,"General and reference+Document types",34
18,"Hardware",34
18,"Hardware+Communication hardware, interfaces and storage",34
7,"Hardware+Emerging technologies",34
2,"Hardware+Hardware test",34
9,"Hardware+Integrated circuits",34
15,"Hardware+Power and energy",34
16,"Human-centered computing",34
3,"Human-centered computing+Accessibility",34
15,"Human-centered computing+Human computer interaction (HCI)",34
3,"Human-centered computing+Interaction design",34
15,"Human-centered computing+Ubiquitous and mobile computing",34
39,"Information systems",34
14,"Information systems+Data management systems",34
47,"Information systems+Information retrieval",34
7,"Information systems+Information storage systems",34
34,"Information systems+Information systems applications",34
13,"Information systems+World Wide Web",34
3,"Mathematics of computing",34
9,"Mathematics of computing+Mathematical analysis",34
8,"Mathematics of computing+Probability and statistics",34
21,"Networks",34
3,"Networks+Network algorithms",34
6,"Networks+Network architectures",34
2,"Networks+Network properties",34
6,"Networks+Network protocols",34
17,"Networks+Network services",34
23,"Networks+Network types",34
11,"Security and privacy",34
3,"Security and privacy+Cryptography",34
2,"Security and privacy+Database and storage security",34
2,"Security and privacy+Formal methods and theory of security",34
4,"Security and privacy+Human and societal aspects of security and privacy",34
4,"Security and privacy+Security services",34
10,"Security and privacy+Software and application security",34
6,"Security and privacy+Systems security",34
13,"Social and professional topics",34
5,"Social and professional topics+Computing / technology policy",34
23,"Social and professional topics+Professional topics",34
4,"Social and professional topics+User characteristics",34
8,"Software and its engineering",34
7,"Software and its engineering+Software creation and management",34
4,"Software and its engineering+Software notations and tools",34
12,"Software and its engineering+Software organization and properties",34
24,"Theory of computation",34
28,"Theory of computation+Design and analysis of algorithms",34
2,"Theory of computation+Randomness, geometry and discrete structures",34
24,"Theory of computation+Theory and algorithms for application domains",34
10,"Applied computing",35
4,"Applied computing+Computer forensics",35
4,"Applied computing+Enterprise computing",35
3,"Applied computing+Law, social and behavioral sciences",35
8,"Applied computing+Life and medical sciences",35
4,"Applied computing+Operations research",35
4,"Computer systems organization",35
3,"Computer systems organization+Architectures",35
2,"Computer systems organization+Dependable and fault-tolerant systems and networks",35
7,"Computer systems organization+Embedded and cyber-physical systems",35
27,"Computing methodologies",35
48,"Computing methodologies+Artificial intelligence",35
9,"Computing methodologies+Computer graphics",35
21,"Computing methodologies+Machine learning",35
12,"Computing methodologies+Modeling and simulation",35
8,"Hardware",35
5,"Hardware+Communication hardware, interfaces and storage",35
4,"Hardware+Electronic design automation",35
3,"Hardware+Emerging technologies",35
3,"Hardware+Integrated circuits",35
6,"Hardware+Power and energy",35
7,"Human-centered computing",35
5,"Human-centered computing+Collaborative and social computing",35
3,"Human-centered computing+Human computer interaction (HCI)",35
2,"Human-centered computing+Ubiquitous and mobile computing",35
1,"Human-centered computing+Visualization",35
8,"Information systems",35
3,"Information systems+Data management systems",35
7,"Information systems+Information retrieval",35
12,"Information systems+Information systems applications",35
3,"Mathematics of computing",35
3,"Mathematics of computing+Discrete mathematics",35
2,"Mathematics of computing+Information theory",35
3,"Mathematics of computing+Mathematical analysis",35
8,"Networks",35
2,"Networks+Network algorithms",35
3,"Networks+Network components",35
2,"Networks+Network performance evaluation",35
4,"Networks+Network properties",35
8,"Networks+Network types",35
6,"Security and privacy",35
2,"Security and privacy+Cryptography",35
2,"Security and privacy+Database and storage security",35
2,"Security and privacy+Formal methods and theory of security",35
2,"Security and privacy+Network security",35
4,"Security and privacy+Software and application security",35
4,"Social and professional topics",35
13,"Social and professional topics+Professional topics",35
5,"Theory of computation",35
5,"Theory of computation+Design and analysis of algorithms",35
5,"Theory of computation+Theory and algorithms for application domains",35
6,"Applied computing",36
3,"Applied computing+Arts and humanities",36
2,"Applied computing+Enterprise computing",36
12,"Applied computing+Life and medical sciences",36
1,"Computer systems organization",36
3,"Computer systems organization+Embedded and cyber-physical systems",36
9,"Computing methodologies",36
4,"Computing methodologies+Artificial intelligence",36
9,"Computing methodologies+Computer graphics",36
8,"Computing methodologies+Machine learning",36
3,"Computing methodologies+Modeling and simulation",36
1,"Information systems",36
2,"Information systems+Information systems applications",36
2,"Mathematics of computing",36
2,"Mathematics of computing+Mathematical analysis",36
2,"Mathematics of computing+Probability and statistics",36
3,"Networks",36
3,"Networks+Network algorithms",36
4,"Networks+Network types",36
1,"Security and privacy",36
2,"Security and privacy+Network security",36
1,"Software and its engineering",36
3,"Software and its engineering+Software organization and properties",36
3,"Theory of computation",36
3,"Theory of computation+Design and analysis of algorithms",36
2,"Theory of computation+Randomness, geometry and discrete structures",36
3,"Theory of computation+Theory and algorithms for application domains",36
30,"Applied computing",37
6,"Applied computing+Arts and humanities",37
2,"Applied computing+Computers in other domains",37
17,"Applied computing+Education",37
2,"Applied computing+Enterprise computing",37
11,"Applied computing+Law, social and behavioral sciences",37
26,"Applied computing+Life and medical sciences",37
6,"Applied computing+Operations research",37
5,"Applied computing+Physical sciences and engineering",37
9,"Computer systems organization",37
10,"Computer systems organization+Architectures",37
3,"Computer systems organization+Dependable and fault-tolerant systems and networks",37
5,"Computer systems organization+Embedded and cyber-physical systems",37
1,"Computer systems organization+Real-time systems",37
76,"Computing methodologies",37
104,"Computing methodologies+Artificial intelligence",37
55,"Computing methodologies+Computer graphics",37
2,"Computing methodologies+Concurrent computing methodologies",37
119,"Computing methodologies+Machine learning",37
6,"Computing methodologies+Modeling and simulation",37
2,"Computing methodologies+Parallel computing methodologies",37
5,"General and reference",37
8,"General and reference+Cross-computing tools and techniques",37
4,"General and reference+Document types",37
9,"Hardware",37
4,"Hardware+Communication hardware, interfaces and storage",37
3,"Hardware+Integrated circuits",37
19,"Hardware+Power and energy",37
10,"Human-centered computing",37
9,"Human-centered computing+Collaborative and social computing",37
11,"Human-centered computing+Human computer interaction (HCI)",37
4,"Human-centered computing+Interaction design",37
3,"Human-centered computing+Visualization",37
54,"Information systems",37
17,"Information systems+Data management systems",37
71,"Information systems+Information retrieval",37
64,"Information systems+Information systems applications",37
39,"Information systems+World Wide Web",37
3,"Mathematics of computing",37
3,"Mathematics of computing+Discrete mathematics",37
6,"Mathematics of computing+Probability and statistics",37
16,"Networks",37
3,"Networks+Network algorithms",37
1,"Networks+Network architectures",37
10,"Networks+Network performance evaluation",37
4,"Networks+Network protocols",37
18,"Networks+Network services",37
12,"Networks+Network types",37
7,"Security and privacy",37
3,"Security and privacy+Cryptography",37
2,"Security and privacy+Database and storage security",37
4,"Security and privacy+Human and societal aspects of security and privacy",37
4,"Security and privacy+Intrusion/anomaly detection and malware mitigation",37
2,"Security and privacy+Network security",37
3,"Security and privacy+Security services",37
2,"Security and privacy+Software and application security",37
3,"Social and professional topics",37
5,"Social and professional topics+Computing / technology policy",37
4,"Social and professional topics+Professional topics",37
1,"Social and professional topics+User characteristics",37
10,"Software and its engineering",37
17,"Software and its engineering+Software creation and management",37
4,"Software and its engineering+Software notations and tools",37
13,"Software and its engineering+Software organization and properties",37
14,"Theory of computation",37
10,"Theory of computation+Design and analysis of algorithms",37
5,"Theory of computation+Models of computation",37
22,"Theory of computation+Theory and algorithms for application domains",37
5,"Applied computing",41
2,"Applied computing+Education",41
4,"Applied computing+Electronic commerce",41
3,"Applied computing+Enterprise computing",41
4,"Applied computing+Life and medical sciences",41
2,"Computer systems organization",41
5,"Computer systems organization+Architectures",41
2,"Computer systems organization+Real-time systems",41
22,"Computing methodologies",41
33,"Computing methodologies+Artificial intelligence",41
12,"Computing methodologies+Computer graphics",41
12,"Computing methodologies+Machine learning",41
14,"Computing methodologies+Modeling and simulation",41
3,"Computing methodologies+Parallel computing methodologies",41
3,"Hardware",41
5,"Hardware+Communication hardware, interfaces and storage",41
3,"Hardware+Power and energy",41
5,"Human-centered computing",41
5,"Human-centered computing+Human computer interaction (HCI)",41
5,"Human-centered computing+Visualization",41
8,"Information systems",41
2,"Information systems+Data management systems",41
7,"Information systems+Information retrieval",41
15,"Information systems+Information systems applications",41
7,"Information systems+World Wide Web",41
1,"Mathematics of computing",41
3,"Mathematics of computing+Mathematical analysis",41
3,"Networks",41
3,"Networks+Network algorithms",41
2,"Networks+Network performance evaluation",41
2,"Networks+Network protocols",41
2,"Networks+Network services",41
11,"Security and privacy",41
6,"Security and privacy+Cryptography",41
2,"Security and privacy+Formal methods and theory of security",41
2,"Security and privacy+Human and societal aspects of security and privacy",41
3,"Security and privacy+Network security",41
2,"Security and privacy+Security services",41
8,"Security and privacy+Software and application security",41
3,"Security and privacy+Systems security",41
3,"Social and professional topics",41
6,"Social and professional topics+Computing / technology policy",41
2,"Social and professional topics+User characteristics",41
1,"Software and its engineering",41
2,"Software and its engineering+Software creation and management",41
3,"Theory of computation",41
5,"Theory of computation+Design and analysis of algorithms",41
3,"Theory of computation+Theory and algorithms for application domains",41
48,"Applied computing",42
7,"Applied computing+Arts and humanities",42
3,"Applied computing+Computers in other domains",42
1,"Applied computing+Document management and text processing",42
26,"Applied computing+Education",42
4,"Applied computing+Electronic commerce",42
1,"Applied computing+Enterprise computing",42
8,"Applied computing+Law, social and behavioral sciences",42
40,"Applied computing+Life and medical sciences",42
12,"Applied computing+Operations research",42
9,"Applied computing+Physical sciences and engineering",42
31,"Computer systems organization",42
49,"Computer systems organization+Architectures",42
10,"Computer systems organization+Dependable and fault-tolerant systems and networks",42
26,"Computer systems organization+Embedded and cyber-physical systems",42
6,"Computer systems organization+Real-time systems",42
94,"Computing methodologies",42
96,"Computing methodologies+Artificial intelligence",42
50,"Computing methodologies+Computer graphics",42
9,"Computing methodologies+Distributed computing methodologies",42
71,"Computing methodologies+Machine learning",42
40,"Computing methodologies+Modeling and simulation",42
10,"Computing methodologies+Parallel computing methodologies",42
7,"Computing methodologies+Symbolic and algebraic manipulation",42
15,"General and reference",42
28,"General and reference+Cross-computing tools and techniques",42
4,"General and reference+Document types",42
32,"Hardware",42
33,"Hardware+Communication hardware, interfaces and storage",42
3,"Hardware+Electronic design automation",42
10,"Hardware+Emerging technologies",42
1,"Hardware+Hardware validation",42
17,"Hardware+Integrated circuits",42
14,"Hardware+Power and energy",42
10,"Hardware+Robustness",42
17,"Human-centered computing",42
2,"Human-centered computing+Accessibility",42
26,"Human-centered computing+Human computer interaction (HCI)",42
4,"Human-centered computing+Ubiquitous and mobile computing",42
6,"Human-centered computing+Visualization",42
73,"Information systems",42
41,"Information systems+Data management systems",42
64,"Information systems+Information retrieval",42
22,"Information systems+Information storage systems",42
77,"Information systems+Information systems applications",42
15,"Information systems+World Wide Web",42
16,"Mathematics of computing",42
21,"Mathematics of computing+Discrete mathematics",42
2,"Mathematics of computing+Information theory",42
17,"Mathematics of computing+Mathematical analysis",42
2,"Mathematics of computing+Mathematical software",42
11,"Mathematics of computing+Probability and statistics",42
28,"Networks",42
2,"Networks+Network architectures",42
2,"Networks+Network components",42
11,"Networks+Network performance evaluation",42
2,"Networks+Network properties",42
4,"Networks+Network protocols",42
8,"Networks+Network services",42
31,"Networks+Network types",42
23,"Security and privacy",42
7,"Security and privacy+Cryptography",42
4,"Security and privacy+Database and storage security",42
4,"Security and privacy+Formal methods and theory of security",42
2,"Security and privacy+Human and societal aspects of security and privacy",42
7,"Security and privacy+Intrusion/anomaly detection and malware mitigation",42
6,"Security and privacy+Network security",42
6,"Security and privacy+Security in hardware",42
2,"Security and privacy+Security services",42
11,"Security and privacy+Software and application security",42
3,"Security and privacy+Systems security",42
18,"Social and professional topics",42
7,"Social and professional topics+Computing / technology policy",42
47,"Social and professional topics+Professional topics",42
2,"Social and professional topics+User characteristics",42
23,"Software and its engineering",42
35,"Software and its engineering+Software creation and management",42
6,"Software and its engineering+Software notations and tools",42
44,"Software and its engineering+Software organization and properties",42
35,"Theory of computation",42
3,"Theory of computation+Computational complexity and cryptography",42
42,"Theory of computation+Design and analysis of algorithms",42
2,"Theory of computation+Logic",42
11,"Theory of computation+Models of computation",42
2,"Theory of computation+Randomness, geometry and discrete structures",42
25,"Theory of computation+Theory and algorithms for application domains",42
14,"Applied computing",43
3,"Applied computing+Document management and text processing",43
4,"Applied computing+Education",43
2,"Applied computing+Electronic commerce",43
4,"Applied computing+Law, social and behavioral sciences",43
12,"Applied computing+Life and medical sciences",43
4,"Applied computing+Operations research",43
6,"Applied computing+Physical sciences and engineering",43
22,"Computer systems organization",43
38,"Computer systems organization+Architectures",43
6,"Computer systems organization+Dependable and fault-tolerant systems and networks",43
11,"Computer systems organization+Embedded and cyber-physical systems",43
3,"Computer systems organization+Real-time systems",43
88,"Computing methodologies",43
110,"Computing methodologies+Artificial intelligence",43
34,"Computing methodologies+Computer graphics",43
6,"Computing methodologies+Distributed computing methodologies",43
106,"Computing methodologies+Machine learning",43
39,"Computing methodologies+Modeling and simulation",43
8,"Computing methodologies+Parallel computing methodologies",43
10,"General and reference",43
19,"General and reference+Cross-computing tools and techniques",43
2,"General and reference+Document types",43
12,"Hardware",43
13,"Hardware+Communication hardware, interfaces and storage",43
7,"Hardware+Electronic design automation",43
4,"Hardware+Emerging technologies",43
3,"Hardware+Hardware validation",43
9,"Hardware+Integrated circuits",43
3,"Hardware+Power and energy",43
3,"Hardware+Very large scale integration design",43
5,"Human-centered computing",43
2,"Human-centered computing+Accessibility",43
4,"Human-centered computing+Collaborative and social computing",43
3,"Human-centered computing+Ubiquitous and mobile computing",43
30,"Information systems",43
37,"Information systems+Data management systems",43
18,"Information systems+Information retrieval",43
9,"Information systems+Information storage systems",43
35,"Information systems+Information systems applications",43
3,"Information systems+World Wide Web",43
9,"Mathematics of computing",43
8,"Mathematics of computing+Discrete mathematics",43
12,"Mathematics of computing+Mathematical analysis",43
2,"Mathematics of computing+Mathematical software",43
2,"Mathematics of computing+Probability and statistics",43
22,"Networks",43
11,"Networks+Network algorithms",43
7,"Networks+Network performance evaluation",43
5,"Networks+Network properties",43
11,"Networks+Network protocols",43
6,"Networks+Network services",43
11,"Networks+Network types",43
18,"Security and privacy",43
1,"Security and privacy+Formal methods and theory of security",43
8,"Security and privacy+Human and societal aspects of security and privacy",43
7,"Security and privacy+Intrusion/anomaly detection and malware mitigation",43
4,"Security and privacy+Network security",43
2,"Security and privacy+Security in hardware",43
8,"Security and privacy+Security services",43
8,"Security and privacy+Software and application security",43
15,"Social and professional topics",43
53,"Social and professional topics+Professional topics",43
20,"Software and its engineering",43
31,"Software and its engineering+Software creation and management",43
4,"Software and its engineering+Software notations and tools",43
32,"Software and its engineering+Software organization and properties",43
15,"Theory of computation",43
18,"Theory of computation+Design and analysis of algorithms",43
7,"Theory of computation+Models of computation",43
25,"Theory of computation+Theory and algorithms for application domains",43
43,"Applied computing",44
14,"Applied computing+Arts and humanities",44
7,"Applied computing+Computer forensics",44
8,"Applied computing+Education",44
4,"Applied computing+Electronic commerce",44
6,"Applied computing+Enterprise computing",44
11,"Applied computing+Law, social and behavioral sciences",44
38,"Applied computing+Life and medical sciences",44
8,"Applied computing+Operations research",44
7,"Applied computing+Physical sciences and engineering",44
28,"Computer systems organization",44
43,"Computer systems organization+Architectures",44
1,"Computer systems organization+Dependable and fault-tolerant systems and networks",44
32,"Computer systems organization+Embedded and cyber-physical systems",44
6,"Computer systems organization+Real-time systems",44
185,"Computing methodologies",44
284,"Computing methodologies+Artificial intelligence",44
87,"Computing methodologies+Computer graphics",44
219,"Computing methodologies+Machine learning",44
22,"Computing methodologies+Modeling and simulation",44
5,"Computing methodologies+Parallel computing methodologies",44
6,"Computing methodologies+Symbolic and algebraic manipulation",44
14,"General and reference",44
25,"General and reference+Cross-computing tools and techniques",44
6,"General and reference+Document types",44
34,"Hardware",44
20,"Hardware+Communication hardware, interfaces and storage",44
6,"Hardware+Electronic design automation",44
9,"Hardware+Emerging technologies",44
3,"Hardware+Hardware validation",44
18,"Hardware+Integrated circuits",44
44,"Hardware+Power and energy",44
1,"Hardware+Printed circuit boards",44
6,"Hardware+Very large scale integration design",44
30,"Human-centered computing",44
2,"Human-centered computing+Accessibility",44
4,"Human-centered computing+Collaborative and social computing",44
35,"Human-centered computing+Human computer interaction (HCI)",44
5,"Human-centered computing+Interaction design",44
33,"Human-centered computing+Ubiquitous and mobile computing",44
15,"Human-centered computing+Visualization",44
102,"Information systems",44
35,"Information systems+Data management systems",44
122,"Information systems+Information retrieval",44
136,"Information systems+Information systems applications",44
51,"Information systems+World Wide Web",44
11,"Mathematics of computing",44
11,"Mathematics of computing+Discrete mathematics",44
2,"Mathematics of computing+Information theory",44
14,"Mathematics of computing+Mathematical analysis",44
4,"Mathematics of computing+Probability and statistics",44
31,"Networks",44
8,"Networks+Network algorithms",44
4,"Networks+Network architectures",44
14,"Networks+Network components",44
8,"Networks+Network performance evaluation",44
6,"Networks+Network properties",44
10,"Networks+Network protocols",44
18,"Networks+Network services",44
19,"Networks+Network types",44
23,"Security and privacy",44
13,"Security and privacy+Cryptography",44
2,"Security and privacy+Database and storage security",44
4,"Security and privacy+Human and societal aspects of security and privacy",44
2,"Security and privacy+Intrusion/anomaly detection and malware mitigation",44
6,"Security and privacy+Network security",44
8,"Security and privacy+Security services",44
16,"Security and privacy+Software and application security",44
13,"Social and professional topics",44
10,"Social and professional topics+Computing / technology policy",44
30,"Social and professional topics+Professional topics",44
3,"Social and professional topics+User characteristics",44
28,"Software and its engineering",44
68,"Software and its engineering+Software creation and management",44
5,"Software and its engineering+Software notations and tools",44
31,"Software and its engineering+Software organization and properties",44
42,"Theory of computation",44
2,"Theory of computation+Computational complexity and cryptography",44
53,"Theory of computation+Design and analysis of algorithms",44
2,"Theory of computation+Logic",44
9,"Theory of computation+Models of computation",44
2,"Theory of computation+Randomness, geometry and discrete structures",44
57,"Theory of computation+Theory and algorithms for application domains",44
13,"Applied computing",45
7,"Applied computing+Education",45
4,"Applied computing+Life and medical sciences",45
2,"Applied computing+Operations research",45
22,"Applied computing+Physical sciences and engineering",45
5,"Computer systems organization",45
3,"Computer systems organization+Architectures",45
10,"Computer systems organization+Embedded and cyber-physical systems",45
31,"Computing methodologies",45
29,"Computing methodologies+Artificial intelligence",45
9,"Computing methodologies+Computer graphics",45
4,"Computing methodologies+Distributed computing methodologies",45
28,"Computing methodologies+Machine learning",45
15,"Computing methodologies+Modeling and simulation",45
3,"Computing methodologies+Parallel computing methodologies",45
6,"General and reference",45
9,"General and reference+Cross-computing tools and techniques",45
2,"General and reference+Document types",45
16,"Hardware",45
5,"Hardware+Communication hardware, interfaces and storage",45
10,"Hardware+Electronic design automation",45
7,"Hardware+Emerging technologies",45
2,"Hardware+Hardware test",45
1,"Hardware+Hardware validation",45
3,"Hardware+Power and energy",45
4,"Hardware+Robustness",45
6,"Human-centered computing",45
2,"Human-centered computing+Human computer interaction (HCI)",45
2,"Human-centered computing+Ubiquitous and mobile computing",45
2,"Human-centered computing+Visualization",45
6,"Information systems",45
9,"Information systems+Data management systems",45
5,"Information systems+Information systems applications",45
7,"Mathematics of computing",45
3,"Mathematics of computing+Discrete mathematics",45
12,"Mathematics of computing+Mathematical analysis",45
5,"Mathematics of computing+Probability and statistics",45
7,"Networks",45
4,"Networks+Network algorithms",45
3,"Networks+Network components",45
2,"Networks+Network properties",45
4,"Networks+Network services",45
2,"Networks+Network types",45
5,"Security and privacy",45
5,"Security and privacy+Cryptography",45
2,"Security and privacy+Human and societal aspects of security and privacy",45
3,"Security and privacy+Security services",45
3,"Social and professional topics",45
9,"Social and professional topics+Professional topics",45
6,"Software and its engineering",45
14,"Software and its engineering+Software creation and management",45
3,"Software and its engineering+Software notations and tools",45
15,"Theory of computation",45
9,"Theory of computation+Design and analysis of algorithms",45
2,"Theory of computation+Logic",45
8,"Theory of computation+Models of computation",45
14,"Theory of computation+Theory and algorithms for application domains",45
4,"Computing methodologies",46
6,"Computing methodologies+Artificial intelligence",46
3,"Computing methodologies+Machine learning",46
8,"Computing methodologies+Modeling and simulation",46
1,"Mathematics of computing",46
2,"Mathematics of computing+Probability and statistics",46
2,"Software and its engineering",46
11,"Software and its engineering+Software organization and properties",46
1,"Theory of computation",46
3,"Theory of computation+Design and analysis of algorithms",46
13,"Applied computing",50
1,"Applied computing+Computer forensics",50
5,"Applied computing+Computers in other domains",50
2,"Applied computing+Electronic commerce",50
1,"Applied computing+Enterprise computing",50
21,"Applied computing+Life and medical sciences",50
2,"Applied computing+Operations research",50
7,"Computer systems organization",50
8,"Computer systems organization+Architectures",50
9,"Computer systems organization+Dependable and fault-tolerant systems and networks",50
10,"Computer systems organization+Embedded and cyber-physical systems",50
1,"Computer systems organization+Real-time systems",50
27,"Computing methodologies",50
20,"Computing methodologies+Artificial intelligence",50
13,"Computing methodologies+Computer graphics",50
46,"Computing methodologies+Machine learning",50
2,"Computing methodologies+Modeling and simulation",50
2,"Computing methodologies+Symbolic and algebraic manipulation",50
1,"General and reference",50
2,"General and reference+Cross-computing tools and techniques",50
4,"Hardware",50
3,"Hardware+Communication hardware, interfaces and storage",50
3,"Hardware+Electronic design automation",50
1,"Hardware+Emerging technologies",50
6,"Hardware+Integrated circuits",50
1,"Hardware+Power and energy",50
7,"Human-centered computing",50
12,"Human-centered computing+Collaborative and social computing",50
8,"Human-centered computing+Human computer interaction (HCI)",50
6,"Human-centered computing+Ubiquitous and mobile computing",50
23,"Information systems",50
28,"Information systems+Data management systems",50
10,"Information systems+Information retrieval",50
4,"Information systems+Information storage systems",50
25,"Information systems+Information systems applications",50
4,"Mathematics of computing",50
6,"Mathematics of computing+Mathematical analysis",50
3,"Mathematics of computing+Probability and statistics",50
4,"Networks",50
3,"Networks+Network algorithms",50
2,"Networks+Network properties",50
2,"Networks+Network protocols",50
2,"Networks+Network types",50
9,"Security and privacy",50
2,"Security and privacy+Cryptography",50
2,"Security and privacy+Intrusion/anomaly detection and malware mitigation",50
4,"Security and privacy+Network security",50
7,"Security and privacy+Security in hardware",50
5,"Security and privacy+Security services",50
2,"Security and privacy+Software and application security",50
4,"Social and professional topics",50
2,"Social and professional topics+Computing / technology policy",50
9,"Social and professional topics+Professional topics",50
4,"Software and its engineering",50
7,"Software and its engineering+Software creation and management",50
8,"Software and its engineering+Software organization and properties",50
12,"Theory of computation",50
6,"Theory of computation+Design and analysis of algorithms",50
6,"Theory of computation+Models of computation",50
1,"Theory of computation+Randomness, geometry and discrete structures",50
10,"Theory of computation+Theory and algorithms for application domains",50
26,"Applied computing",51
4,"Applied computing+Arts and humanities",51
6,"Applied computing+Computers in other domains",51
3,"Applied computing+Document management and text processing",51
3,"Applied computing+Education",51
2,"Applied computing+Enterprise computing",51
5,"Applied computing+Law, social and behavioral sciences",51
15,"Applied computing+Life and medical sciences",51
21,"Applied computing+Physical sciences and engineering",51
8,"Computer systems organization",51
8,"Computer systems organization+Architectures",51
5,"Computer systems organization+Dependable and fault-tolerant systems and networks",51
13,"Computer systems organization+Embedded and cyber-physical systems",51
80,"Computing methodologies",51
153,"Computing methodologies+Artificial intelligence",51
26,"Computing methodologies+Computer graphics",51
110,"Computing methodologies+Machine learning",51
3,"Computing methodologies+Modeling and simulation",51
2,"Computing methodologies+Parallel computing methodologies",51
3,"Computing methodologies+Symbolic and algebraic manipulation",51
6,"General and reference",51
12,"General and reference+Cross-computing tools and techniques",51
15,"Hardware",51
19,"Hardware+Communication hardware, interfaces and storage",51
5,"Hardware+Electronic design automation",51
3,"Hardware+Emerging technologies",51
1,"Hardware+Hardware test",51
6,"Hardware+Integrated circuits",51
5,"Hardware+Power and energy",51
1,"Hardware+Robustness",51
3,"Hardware+Very large scale integration design",51
11,"Human-centered computing",51
11,"Human-centered computing+Human computer interaction (HCI)",51
3,"Human-centered computing+Interaction design",51
3,"Human-centered computing+Ubiquitous and mobile computing",51
2,"Human-centered computing+Visualization",51
45,"Information systems",51
15,"Information systems+Data management systems",51
60,"Information systems+Information retrieval",51
4,"Information systems+Information storage systems",51
65,"Information systems+Information systems applications",51
28,"Information systems+World Wide Web",51
11,"Mathematics of computing",51
3,"Mathematics of computing+Discrete mathematics",51
2,"Mathematics of computing+Information theory",51
12,"Mathematics of computing+Mathematical analysis",51
15,"Mathematics of computing+Probability and statistics",51
16,"Networks",51
6,"Networks+Network algorithms",51
1,"Networks+Network architectures",51
2,"Networks+Network performance evaluation",51
2,"Networks+Network properties",51
2,"Networks+Network protocols",51
14,"Networks+Network services",51
11,"Networks+Network types",51
20,"Security and privacy",51
4,"Security and privacy+Cryptography",51
3,"Security and privacy+Database and storage security",51
2,"Security and privacy+Formal methods and theory of security",51
6,"Security and privacy+Human and societal aspects of security and privacy",51
8,"Security and privacy+Intrusion/anomaly detection and malware mitigation",51
8,"Security and privacy+Network security",51
4,"Security and privacy+Security services",51
9,"Security and privacy+Software and application security",51
16,"Security and privacy+Systems security",51
12,"Social and professional topics",51
6,"Social and professional topics+Computing / technology policy",51
22,"Social and professional topics+Professional topics",51
4,"Social and professional topics+User characteristics",51
4,"Software and its engineering",51
9,"Software and its engineering+Software creation and management",51
7,"Software and its engineering+Software organization and properties",51
21,"Theory of computation",51
1,"Theory of computation+Computational complexity and cryptography",51
12,"Theory of computation+Design and analysis of algorithms",51
3,"Theory of computation+Models of computation",51
2,"Theory of computation+Randomness, geometry and discrete structures",51
31,"Theory of computation+Theory and algorithms for application domains",51
1,"Applied computing",52
3,"Applied computing+Computers in other domains",52
2,"Applied computing+Document management and text processing",52
1,"Computer systems organization",52
3,"Computer systems organization+Architectures",52
4,"Computing methodologies",52
7,"Computing methodologies+Artificial intelligence",52
4,"Computing methodologies+Computer graphics",52
3,"Computing methodologies+Modeling and simulation",52
2,"General and reference",52
4,"General and reference+Document types",52
2,"Hardware",52
6,"Hardware+Hardware validation",52
8,"Hardware+Power and energy",52
3,"Human-centered computing",52
3,"Human-centered computing+Human computer interaction (HCI)",52
6,"Human-centered computing+Ubiquitous and mobile computing",52
1,"Information systems",52
2,"Information systems+Data management systems",52
1,"Security and privacy",52
2,"Security and privacy+Human and societal aspects of security and privacy",52
1,"Social and professional topics",52
3,"Social and professional topics+Professional topics",52
5,"Theory of computation",52
2,"Theory of computation+Design and analysis of algorithms",52
1,"Theory of computation+Randomness, geometry and discrete structures",52
5,"Theory of computation+Theory and algorithms for application domains",52
10,"Applied computing",53
2,"Applied computing+Computers in other domains",53
20,"Applied computing+Life and medical sciences",53
2,"Applied computing+Physical sciences and engineering",53
20,"Computing methodologies",53
27,"Computing methodologies+Artificial intelligence",53
12,"Computing methodologies+Computer graphics",53
14,"Computing methodologies+Machine learning",53
3,"Computing methodologies+Modeling and simulation",53
1,"General and reference",53
2,"General and reference+Document types",53
6,"Hardware",53
10,"Hardware+Communication hardware, interfaces and storage",53
3,"Hardware+Integrated circuits",53
6,"Hardware+Power and energy",53
2,"Hardware+Printed circuit boards",53
1,"Human-centered computing",53
3,"Human-centered computing+Visualization",53
3,"Information systems",53
3,"Information systems+Information retrieval",53
5,"Information systems+Information systems applications",53
2,"Mathematics of computing",53
6,"Mathematics of computing+Probability and statistics",53
4,"Networks",53
4,"Networks+Network protocols",53
2,"Networks+Network services",53
4,"Networks+Network types",53
1,"Security and privacy",53
2,"Security and privacy+Network security",53
1,"Social and professional topics",53
4,"Social and professional topics+Professional topics",53
5,"Theory of computation",53
11,"Theory of computation+Design and analysis of algorithms",53
3,"Theory of computation+Theory and algorithms for application domains",53
1,"Applied computing",54
1,"Applied computing+Life and medical sciences",54
1,"Computer systems organization",54
3,"Computer systems organization+Architectures",54
1,"Hardware",54
2,"Hardware+Communication hardware, interfaces and storage",54
1,"Human-centered computing",54
1,"Human-centered computing+Human computer interaction (HCI)",54
1,"Mathematics of computing",54
3,"Mathematics of computing+Mathematical analysis",54
2,"Mathematics of computing+Mathematical software",54
1,"Software and its engineering",54
4,"Software and its engineering+Software notations and tools",54
22,"Applied computing",61
10,"Applied computing+Arts and humanities",61
3,"Applied computing+Document management and text processing",61
8,"Applied computing+Education",61
5,"Applied computing+Enterprise computing",61
2,"Applied computing+Law, social and behavioral sciences",61
14,"Applied computing+Life and medical sciences",61
6,"Applied computing+Operations research",61
2,"Applied computing+Physical sciences and engineering",61
9,"Computer systems organization",61
5,"Computer systems organization+Architectures",61
3,"Computer systems organization+Dependable and fault-tolerant systems and networks",61
9,"Computer systems organization+Embedded and cyber-physical systems",61
2,"Computer systems organization+Real-time systems",61
95,"Computing methodologies",61
132,"Computing methodologies+Artificial intelligence",61
26,"Computing methodologies+Computer graphics",61
100,"Computing methodologies+Machine learning",61
39,"Computing methodologies+Modeling and simulation",61
7,"Computing methodologies+Parallel computing methodologies",61
6,"Computing methodologies+Symbolic and algebraic manipulation",61
4,"General and reference",61
8,"General and reference+Cross-computing tools and techniques",61
15,"Hardware",61
24,"Hardware+Communication hardware, interfaces and storage",61
9,"Hardware+Power and energy",61
1,"Hardware+Printed circuit boards",61
16,"Human-centered computing",61
11,"Human-centered computing+Collaborative and social computing",61
17,"Human-centered computing+Human computer interaction (HCI)",61
12,"Human-centered computing+Ubiquitous and mobile computing",61
3,"Human-centered computing+Visualization",61
25,"Information systems",61
19,"Information systems+Data management systems",61
19,"Information systems+Information retrieval",61
25,"Information systems+Information systems applications",61
19,"Information systems+World Wide Web",61
10,"Mathematics of computing",61
2,"Mathematics of computing+Discrete mathematics",61
4,"Mathematics of computing+Information theory",61
9,"Mathematics of computing+Mathematical analysis",61
9,"Mathematics of computing+Probability and statistics",61
15,"Networks",61
7,"Networks+Network algorithms",61
1,"Networks+Network architectures",61
3,"Networks+Network components",61
2,"Networks+Network performance evaluation",61
5,"Networks+Network properties",61
2,"Networks+Network protocols",61
6,"Networks+Network services",61
4,"Networks+Network types",61
17,"Security and privacy",61
3,"Security and privacy+Cryptography",61
3,"Security and privacy+Formal methods and theory of security",61
6,"Security and privacy+Human and societal aspects of security and privacy",61
2,"Security and privacy+Intrusion/anomaly detection and malware mitigation",61
14,"Security and privacy+Network security",61
8,"Security and privacy+Security services",61
4,"Security and privacy+Software and application security",61
2,"Security and privacy+Systems security",61
5,"Social and professional topics",61
16,"Social and professional topics+Professional topics",61
2,"Social and professional topics+User characteristics",61
18,"Software and its engineering",61
40,"Software and its engineering+Software creation and management",61
9,"Software and its engineering+Software notations and tools",61
20,"Software and its engineering+Software organization and properties",61
16,"Theory of computation",61
23,"Theory of computation+Design and analysis of algorithms",61
2,"Theory of computation+Models of computation",61
3,"Theory of computation+Randomness, geometry and discrete structures",61
3,"Theory of computation+Semantics and reasoning",61
12,"Theory of computation+Theory and algorithms for application domains",61
13,"Applied computing",62
6,"Applied computing+Arts and humanities",62
1,"Applied computing+Education",62
1,"Applied computing+Enterprise computing",62
3,"Applied computing+Law, social and behavioral sciences",62
4,"Applied computing+Life and medical sciences",62
8,"Applied computing+Operations research",62
7,"Applied computing+Physical sciences and engineering",62
10,"Computer systems organization",62
8,"Computer systems organization+Architectures",62
7,"Computer systems organization+Dependable and fault-tolerant systems and networks",62
14,"Computer systems organization+Embedded and cyber-physical systems",62
2,"Computer systems organization+Real-time systems",62
42,"Computing methodologies",62
49,"Computing methodologies+Artificial intelligence",62
19,"Computing methodologies+Computer graphics",62
46,"Computing methodologies+Machine learning",62
8,"Computing methodologies+Modeling and simulation",62
4,"Computing methodologies+Parallel computing methodologies",62
6,"Computing methodologies+Symbolic and algebraic manipulation",62
3,"General and reference",62
6,"General and reference+Cross-computing tools and techniques",62
7,"Hardware",62
7,"Hardware+Communication hardware, interfaces and storage",62
1,"Hardware+Hardware validation",62
3,"Hardware+Integrated circuits",62
8,"Hardware+Power and energy",62
4,"Human-centered computing",62
2,"Human-centered computing+Human computer interaction (HCI)",62
3,"Human-centered computing+Ubiquitous and mobile computing",62
3,"Human-centered computing+Visualization",62
19,"Information systems",62
16,"Information systems+Data management systems",62
13,"Information systems+Information retrieval",62
31,"Information systems+Information systems applications",62
3,"Mathematics of computing",62
3,"Mathematics of computing+Mathematical analysis",62
2,"Mathematics of computing+Mathematical software",62
7,"Mathematics of computing+Probability and statistics",62
11,"Networks",62
3,"Networks+Network algorithms",62
1,"Networks+Network architectures",62
2,"Networks+Network components",62
3,"Networks+Network performance evaluation",62
6,"Networks+Network properties",62
2,"Networks+Network protocols",62
8,"Networks+Network services",62
3,"Networks+Network types",62
5,"Security and privacy",62
2,"Security and privacy+Database and storage security",62
2,"Security and privacy+Human and societal aspects of security and privacy",62
2,"Security and privacy+Network security",62
6,"Security and privacy+Software and application security",62
5,"Social and professional topics",62
13,"Social and professional topics+Professional topics",62
2,"Social and professional topics+User characteristics",62
19,"Software and its engineering",62
49,"Software and its engineering+Software creation and management",62
6,"Software and its engineering+Software notations and tools",62
16,"Software and its engineering+Software organization and properties",62
10,"Theory of computation",62
5,"Theory of computation+Design and analysis of algorithms",62
4,"Theory of computation+Formal languages and automata theory",62
2,"Theory of computation+Logic",62
3,"Theory of computation+Semantics and reasoning",62
10,"Theory of computation+Theory and algorithms for application domains",62
1,"Computing methodologies",63
3,"Computing methodologies+Parallel computing methodologies",63
2,"Information systems",63
4,"Information systems+Data management systems",63
7,"Information systems+World Wide Web",63
9,"Applied computing",64
6,"Applied computing+Education",64
4,"Applied computing+Enterprise computing",64
1,"Applied computing+Law, social and behavioral sciences",64
5,"Applied computing+Life and medical sciences",64
4,"Applied computing+Operations research",64
19,"Computer systems organization",64
22,"Computer systems organization+Architectures",64
11,"Computer systems organization+Dependable and fault-tolerant systems and networks",64
11,"Computer systems organization+Embedded and cyber-physical systems",64
5,"Computer systems organization+Real-time systems",64
23,"Computing methodologies",64
24,"Computing methodologies+Artificial intelligence",64
28,"Computing methodologies+Computer graphics",64
1,"Computing methodologies+Concurrent computing methodologies",64
27,"Computing methodologies+Machine learning",64
3,"Computing methodologies+Modeling and simulation",64
13,"General and reference",64
27,"General and reference+Cross-computing tools and techniques",64
7,"Hardware",64
8,"Hardware+Emerging technologies",64
6,"Hardware+Integrated circuits",64
5,"Hardware+Power and energy",64
7,"Human-centered computing",64
8,"Human-centered computing+Human computer interaction (HCI)",64
3,"Human-centered computing+Interaction design",64
3,"Human-centered computing+Ubiquitous and mobile computing",64
5,"Human-centered computing+Visualization",64
20,"Information systems",64
24,"Information systems+Data management systems",64
23,"Information systems+Information retrieval",64
2,"Information systems+Information storage systems",64
13,"Information systems+Information systems applications",64
4,"Information systems+World Wide Web",64
15,"Networks",64
5,"Networks+Network architectures",64
3,"Networks+Network components",64
6,"Networks+Network performance evaluation",64
6,"Networks+Network properties",64
6,"Networks+Network services",64
9,"Networks+Network types",64
10,"Security and privacy",64
2,"Security and privacy+Formal methods and theory of security",64
1,"Security and privacy+Human and societal aspects of security and privacy",64
2,"Security and privacy+Intrusion/anomaly detection and malware mitigation",64
2,"Security and privacy+Network security",64
5,"Security and privacy+Security in hardware",64
5,"Security and privacy+Software and application security",64
6,"Social and professional topics",64
2,"Social and professional topics+Computing / technology policy",64
15,"Social and professional topics+Professional topics",64
16,"Software and its engineering",64
21,"Software and its engineering+Software creation and management",64
11,"Software and its engineering+Software notations and tools",64
22,"Software and its engineering+Software organization and properties",64
6,"Theory of computation",64
4,"Theory of computation+Design and analysis of algorithms",64
17,"Theory of computation+Theory and algorithms for application domains",64
1,"Applied computing",65
2,"Applied computing+Computer forensics",65
1,"Computer systems organization",65
3,"Computer systems organization+Embedded and cyber-physical systems",65
1,"Computing methodologies",65
4,"Computing methodologies+Artificial intelligence",65
1,"Information systems",65
1,"Information systems+Information retrieval",65
1,"Security and privacy",65
2,"Security and privacy+Software and application security",65
1,"Software and its engineering",65
8,"Software and its engineering+Software organization and properties",65
77,"Applied computing",71
14,"Applied computing+Arts and humanities",71
2,"Applied computing+Computer forensics",71
8,"Applied computing+Computers in other domains",71
3,"Applied computing+Document management and text processing",71
53,"Applied computing+Education",71
2,"Applied computing+Electronic commerce",71
8,"Applied computing+Enterprise computing",71
7,"Applied computing+Law, social and behavioral sciences",71
53,"Applied computing+Life and medical sciences",71
19,"Applied computing+Operations research",71
8,"Applied computing+Physical sciences and engineering",71
53,"Computer systems organization",71
42,"Computer systems organization+Architectures",71
19,"Computer systems organization+Dependable and fault-tolerant systems and networks",71
67,"Computer systems organization+Embedded and cyber-physical systems",71
3,"Computer systems organization+Real-time systems",71
145,"Computing methodologies",71
155,"Computing methodologies+Artificial intelligence",71
126,"Computing methodologies+Computer graphics",71
2,"Computing methodologies+Concurrent computing methodologies",71
2,"Computing methodologies+Distributed computing methodologies",71
173,"Computing methodologies+Machine learning",71
36,"Computing methodologies+Modeling and simulation",71
5,"Computing methodologies+Parallel computing methodologies",71
16,"General and reference",71
17,"General and reference+Cross-computing tools and techniques",71
16,"General and reference+Document types",71
62,"Hardware",71
35,"Hardware+Communication hardware, interfaces and storage",71
44,"Hardware+Electronic design automation",71
39,"Hardware+Emerging technologies",71
3,"Hardware+Hardware test",71
7,"Hardware+Hardware validation",71
13,"Hardware+Integrated circuits",71
26,"Hardware+Power and energy",71
2,"Hardware+Printed circuit boards",71
1,"Hardware+Robustness",71
6,"Hardware+Very large scale integration design",71
105,"Human-centered computing",71
2,"Human-centered computing+Accessibility",71
33,"Human-centered computing+Collaborative and social computing",71
173,"Human-centered computing+Human computer interaction (HCI)",71
40,"Human-centered computing+Interaction design",71
11,"Human-centered computing+Ubiquitous and mobile computing",71
11,"Human-centered computing+Visualization",71
100,"Information systems",71
36,"Information systems+Data management systems",71
87,"Information systems+Information retrieval",71
16,"Information systems+Information storage systems",71
134,"Information systems+Information systems applications",71
43,"Information systems+World Wide Web",71
16,"Mathematics of computing",71
18,"Mathematics of computing+Discrete mathematics",71
2,"Mathematics of computing+Information theory",71
19,"Mathematics of computing+Mathematical analysis",71
3,"Mathematics of computing+Mathematical software",71
3,"Mathematics of computing+Probability and statistics",71
31,"Networks",71
4,"Networks+Network algorithms",71
1,"Networks+Network architectures",71
10,"Networks+Network components",71
8,"Networks+Network performance evaluation",71
9,"Networks+Network properties",71
11,"Networks+Network protocols",71
19,"Networks+Network services",71
17,"Networks+Network types",71
19,"Security and privacy",71
10,"Security and privacy+Cryptography",71
2,"Security and privacy+Formal methods and theory of security",71
5,"Security and privacy+Human and societal aspects of security and privacy",71
2,"Security and privacy+Intrusion/anomaly detection and malware mitigation",71
3,"Security and privacy+Security in hardware",71
9,"Security and privacy+Security services",71
4,"Security and privacy+Software and application security",71
1,"Security and privacy+Systems security",71
25,"Social and professional topics",71
9,"Social and professional topics+Computing / technology policy",71
66,"Social and professional topics+Professional topics",71
4,"Social and professional topics+User characteristics",71
34,"Software and its engineering",71
20,"Software and its engineering+Software creation and management",71
30,"Software and its engineering+Software notations and tools",71
79,"Software and its engineering+Software organization and properties",71
32,"Theory of computation",71
34,"Theory of computation+Design and analysis of algorithms",71
7,"Theory of computation+Formal languages and automata theory",71
7,"Theory of computation+Logic",71
8,"Theory of computation+Models of computation",71
4,"Theory of computation+Semantics and reasoning",71
38,"Theory of computation+Theory and algorithms for application domains",71
36,"Applied computing",81
10,"Applied computing+Arts and humanities",81
8,"Applied computing+Computers in other domains",81
6,"Applied computing+Document management and text processing",81
7,"Applied computing+Education",81
1,"Applied computing+Electronic commerce",81
6,"Applied computing+Enterprise computing",81
6,"Applied computing+Law, social and behavioral sciences",81
23,"Applied computing+Life and medical sciences",81
12,"Applied computing+Operations research",81
44,"Computer systems organization",81
42,"Computer systems organization+Architectures",81
25,"Computer systems organization+Dependable and fault-tolerant systems and networks",81
45,"Computer systems organization+Embedded and cyber-physical systems",81
4,"Computer systems organization+Real-time systems",81
150,"Computing methodologies",81
189,"Computing methodologies+Artificial intelligence",81
62,"Computing methodologies+Computer graphics",81
2,"Computing methodologies+Distributed computing methodologies",81
216,"Computing methodologies+Machine learning",81
28,"Computing methodologies+Modeling and simulation",81
13,"Computing methodologies+Parallel computing methodologies",81
11,"Computing methodologies+Symbolic and algebraic manipulation",81
28,"General and reference",81
45,"General and reference+Cross-computing tools and techniques",81
12,"General and reference+Document types",81
23,"Hardware",81
14,"Hardware+Communication hardware, interfaces and storage",81
6,"Hardware+Electronic design automation",81
8,"Hardware+Emerging technologies",81
6,"Hardware+Integrated circuits",81
32,"Hardware+Power and energy",81
4,"Hardware+Robustness",81
4,"Hardware+Very large scale integration design",81
75,"Human-centered computing",81
18,"Human-centered computing+Collaborative and social computing",81
64,"Human-centered computing+Human computer interaction (HCI)",81
17,"Human-centered computing+Interaction design",81
47,"Human-centered computing+Ubiquitous and mobile computing",81
15,"Human-centered computing+Visualization",81
91,"Information systems",81
64,"Information systems+Data management systems",81
96,"Information systems+Information retrieval",81
12,"Information systems+Information storage systems",81
98,"Information systems+Information systems applications",81
39,"Information systems+World Wide Web",81
17,"Mathematics of computing",81
36,"Mathematics of computing+Discrete mathematics",81
9,"Mathematics of computing+Mathematical analysis",81
2,"Mathematics of computing+Mathematical software",81
11,"Mathematics of computing+Probability and statistics",81
57,"Networks",81
19,"Networks+Network algorithms",81
6,"Networks+Network architectures",81
8,"Networks+Network components",81
20,"Networks+Network performance evaluation",81
32,"Networks+Network properties",81
8,"Networks+Network protocols",81
18,"Networks+Network services",81
54,"Networks+Network types",81
32,"Security and privacy",81
9,"Security and privacy+Cryptography",81
6,"Security and privacy+Database and storage security",81
3,"Security and privacy+Formal methods and theory of security",81
12,"Security and privacy+Human and societal aspects of security and privacy",81
2,"Security and privacy+Intrusion/anomaly detection and malware mitigation",81
10,"Security and privacy+Network security",81
3,"Security and privacy+Security in hardware",81
20,"Security and privacy+Security services",81
8,"Security and privacy+Software and application security",81
4,"Security and privacy+Systems security",81
24,"Social and professional topics",81
11,"Social and professional topics+Computing / technology policy",81
45,"Social and professional topics+Professional topics",81
7,"Social and professional topics+User characteristics",81
42,"Software and its engineering",81
66,"Software and its engineering+Software creation and management",81
29,"Software and its engineering+Software notations and tools",81
69,"Software and its engineering+Software organization and properties",81
53,"Theory of computation",81
5,"Theory of computation+Computational complexity and cryptography",81
89,"Theory of computation+Design and analysis of algorithms",81
1,"Theory of computation+Logic",81
2,"Theory of computation+Models of computation",81
12,"Theory of computation+Randomness, geometry and discrete structures",81
63,"Theory of computation+Theory and algorithms for application domains",81
6,"Applied computing",82
1,"Applied computing+Arts and humanities",82
2,"Applied computing+Education",82
2,"Applied computing+Enterprise computing",82
2,"Applied computing+Law, social and behavioral sciences",82
2,"Applied computing+Life and medical sciences",82
2,"Applied computing+Operations research",82
1,"Computer systems organization",82
2,"Computer systems organization+Dependable and fault-tolerant systems and networks",82
14,"Computing methodologies",82
12,"Computing methodologies+Artificial intelligence",82
8,"Computing methodologies+Computer graphics",82
17,"Computing methodologies+Machine learning",82
3,"Computing methodologies+Modeling and simulation",82
3,"Hardware",82
9,"Hardware+Power and energy",82
4,"Human-centered computing",82
3,"Human-centered computing+Human computer interaction (HCI)",82
2,"Human-centered computing+Interaction design",82
6,"Human-centered computing+Ubiquitous and mobile computing",82
7,"Information systems",82
2,"Information systems+Data management systems",82
13,"Information systems+Information systems applications",82
3,"Networks",82
2,"Networks+Network properties",82
1,"Networks+Network protocols",82
3,"Networks+Network services",82
2,"Networks+Network types",82
1,"Security and privacy",82
2,"Security and privacy+Software and application security",82
2,"Social and professional topics",82
3,"Social and professional topics+Professional topics",82
1,"Social and professional topics+User characteristics",82
2,"Software and its engineering",82
3,"Software and its engineering+Software creation and management",82
3,"Software and its engineering+Software notations and tools",82
3,"Theory of computation",82
2,"Theory of computation+Design and analysis of algorithms",82
2,"Theory of computation+Logic",82
2,"Theory of computation+Models of computation",82
3,"Theory of computation+Theory and algorithms for application domains",82
